{
  "exponent": 1.5388297375836746,
  "peak_scale": 0.8559183684385422,
  "shift_ost": -0.9418884752196964,
  "shift_west": 0.9418884752196964,
  "ost_weight": 0.2973333560424553,
  "west_weight": 0.7026666439575446
}